<?xml version='1.0' encoding='UTF-8'?>
<package version="0.0.0" uuid="marta_app">
 <names>
  <name lang="en_US">MARTA</name>
 </names>
 <descriptions>
  <description lang="en_US">Plays the I Spy game using MSCognitive Services</description>
 </descriptions>
 <supportedLanguages>
  <language>en_US</language>
 </supportedLanguages>
 <descriptionLanguages>
  <language>en_US</language>
  <language>fr_FR</language>
 </descriptionLanguages>
 <contents>
  <behaviorContent path="behavior_1">
   <userRequestable/>
   <nature>interactive</nature>
   <triggerSentences/>
   <loadingResponses/>
   <autonomous/>
   <permissions/>
  </behaviorContent>
 </contents>
</package>
