<?xml version='1.0' encoding='UTF-8'?>
<package uuid="keepshowingimage-7c8048" version="0.0.0">
 <names>
  <name lang="en_US">KeepShowingImage</name>
 </names>
 <descriptions>
  <description lang="en_US">Receives an image from a fixed URL</description>
 </descriptions>
 <supportedLanguages>
  <language>en_US</language>
 </supportedLanguages>
 <descriptionLanguages>
  <language>en_US</language>
 </descriptionLanguages>
 <contents>
  <behaviorContent path="behavior_1">
   <userRequestable/>
   <nature>interactive</nature>
   <permissions/>
  </behaviorContent>
 </contents>
</package>
