<?xml version='1.0' encoding='UTF-8'?>
<package uuid="marta_app" version="0.0.0">
 <names>
  <name lang="en_US">I Spy Game</name>
 </names>
 <descriptions>
  <description lang="en_US">I Spy Game</description>
 </descriptions>
 <supportedLanguages>
  <language>en_US</language>
 </supportedLanguages>
 <descriptionLanguages>
  <language>en_US</language>
 </descriptionLanguages>
 <contents>
  <behaviorContent path=".">
   <userRequestable/>
   <nature>interactive</nature>
   <names>
    <name lang="en_US">I Spy</name>
   </names>
   <triggerSentences>
    <sentence lang="en_US">I Spy</sentence>
   </triggerSentences>
   <loadingResponses>
    <sentence lang="en_US">Let's play!</sentence>
   </loadingResponses>
   <autonomous/>
   <permissions/>
  </behaviorContent>
 </contents>
 <requirements>
  <robotRequirement model="JULIETTE"/>
 </requirements>
</package>
